Time,CO,RH,NO2,Ozone,PM10,PM2.5,SO2,Temp
02-07-2019 00:15,2.3,58.06,206.94,4.69,389.4,231.2,11.52,18.74
02-07-2019 00:30,2.14,58.15,205.14,4.45,389.4,231.2,12.13,18.39
02-07-2019 00:45,1.86,59.7,195.08,4.32,404.6,238.1,11.6,17.99
02-07-2019 01:00,1.81,60.91,191.02,4.3,409.2,240.1,10.45,17.72
02-07-2019 01:15,1.86,61.01,190.17,4.53,409.2,240.1,10.36,17.95
02-07-2019 01:30,1.88,63.92,188.85,4.34,409.2,240.1,9.9,17.53
02-07-2019 01:45,1.88,65.23,189.71,4.07,410.1,230,10.7,17.36
02-07-2019 02:00,1.85,65.23,187.45,4.65,410.4,227,11.37,17.32
02-07-2019 02:15,1.82,66.85,190.28,4.73,410.4,227,11.2,16.98
02-07-2019 02:30,1.85,67.49,179.84,4.62,410.4,227,10.19,17.07
02-07-2019 02:45,1.88,65.23,189.71,4.07,410.1,230,10.7,17.36
02-07-2019 03:00,1.89,67.3,168.07,4.63,420.7,251.5,9.72,17.38
02-07-2019 03:15,1.91,68.88,167.58,4.76,420.7,251.5,9.51,17.03
02-07-2019 03:30,1.9,69.18,162.46,4.8,420.7,251.5,8.68,17.07
02-07-2019 03:45,1.86,67.19,177.21,4.31,418.3,245.8,9.81,17.27
02-07-2019 04:00,1.92,69.5,150.18,4.48,426.1,259.5,9.13,17.15
02-07-2019 04:15,1.85,70.9,144.49,4.7,426.1,259.5,7.26,16.94
02-07-2019 04:30,1.93,71.12,144.51,4.69,426.1,259.5,7.63,16.72
02-07-2019 04:45,1.86,70.69,158.9,4.43,424.9,257.6,8.8,16.76
02-07-2019 05:00,1.69,71.01,162.26,4.46,425.2,280.9,8.29,16.28
02-07-2019 05:15,1.53,71.42,153,4.26,425.2,280.9,7.96,16.17
02-07-2019 05:30,1.49,71.45,146.99,4.18,425.2,280.9,7.04,16.36
02-07-2019 05:45,1.8,71.89,153.78,5.06,425.4,275.9,7.81,16.55
02-07-2019 06:00,1.39,71.07,138.52,4.25,423.8,273.3,6.82,16.61
02-07-2019 06:15,1.34,72.07,129.76,3.7,423.8,273.3,6.33,16.59
02-07-2019 06:30,1.42,71.69,130.19,4.07,423.8,273.3,6.52,16.62
02-07-2019 06:45,1.44,71.69,142.52,4.1,424.1,275.1,7.11,16.2
02-07-2019 07:00,1.46,69.6,142.02,4.59,398.6,249.1,8.4,17
02-07-2019 07:15,1.48,67.5,145.11,5.01,398.6,249.1,10.03,17.48
02-07-2019 07:30,1.46,63.4,163.44,5.44,398.6,249.1,15.03,18.14
02-07-2019 07:45,1.45,69.41,134.12,4.12,404.2,254.5,7.48,16.85
02-07-2019 08:00,1.44,55.91,193.87,7.39,394.3,257.5,29.82,19.85
02-07-2019 08:15,1.41,53.57,204.34,8.96,394.3,257.5,31.46,20.51
02-07-2019 08:30,1.34,50.63,195.02,14.79,394.3,257.5,31.74,21.02
02-07-2019 08:45,1.44,59.25,183.49,5.9,395.3,255.6,23.47,18.88
02-07-2019 09:00,0.76,43.7,98.45,34.55,397.2,251.2,24.9,22.18
02-07-2019 09:15,0.71,41.89,88.19,38.33,397.2,251.2,22.95,22.72
02-07-2019 09:30,0.67,41.48,80.16,41.32,397.2,251.2,22.49,22.86
02-07-2019 09:45,1,47.01,140.32,28.3,396.5,252.7,27.08,21.6
02-07-2019 10:00,0.69,41.24,71.96,39.74,374.2,228.6,19.1,24.08
02-07-2019 10:15,0.67,39.61,69.47,41.23,374.2,228.6,19.23,24.64
02-07-2019 10:30,0.59,38.22,61.36,44.68,374.2,228.6,19.91,24.75
02-07-2019 10:45,0.67,41.48,75.17,41.13,379.6,233.9,19.95,23.33
02-07-2019 11:00,0.68,38.82,76.66,43.86,314.7,187.4,18.3,25.24
02-07-2019 11:15,0.68,38.05,76.88,42.94,314.7,187.4,19.97,26.05
02-07-2019 11:30,0.57,37.31,63.07,46.11,314.7,187.4,27.3,26.08
02-07-2019 11:45,0.69,37.52,74.48,42.05,328.6,197,18.83,25.5
02-07-2019 12:00,0.63,36.51,57.24,49.14,276.2,187.1,32.22,26.83
02-07-2019 12:15,0.67,36.47,56.68,51.67,276.2,187.1,32.74,26.6
02-07-2019 12:30,0.66,35.82,51.59,52.78,276.2,187.1,34.01,26.63
02-07-2019 12:45,0.59,36.59,52.89,47.59,285.2,187.1,29.55,26.6
02-07-2019 13:00,0.66,34.46,44.66,52.69,266.9,176.6,34.43,27.52
02-07-2019 13:15,0.67,34.14,44.84,52.94,266.9,176.6,32.47,27.47
02-07-2019 13:30,0.65,33.66,44.34,55.96,266.9,176.6,30.8,27.53
02-07-2019 13:45,0.67,34.82,47.17,52.57,269.1,178.9,35.81,27.26
02-07-2019 14:00,0.68,34.01,49.27,55.16,270.4,168.3,28.5,27.8
02-07-2019 14:15,0.7,34.21,51.48,63.41,270.4,168.3,26.4,28.05
02-07-2019 14:30,0.73,34.26,54.04,86.4,270.4,168.3,24.12,27.94
02-07-2019 14:45,0.68,33.92,47.05,54.49,269.6,170.2,29.75,27.74
02-07-2019 15:00,0.78,34.85,56.74,78.67,263.8,162.8,19.61,28.12
02-07-2019 15:15,0.79,35.44,58.42,75.09,263.8,162.8,19.86,28.02
02-07-2019 15:30,0.74,35.33,56.2,71.49,263.8,162.8,17.71,27.7
02-07-2019 15:45,0.79,34.35,58.34,80.67,265.3,164.1,20.85,28.39
02-07-2019 16:00,0.73,36.53,53.49,70.24,259.4,160.8,16.42,27.43
02-07-2019 16:15,0.74,37.84,54.62,67.89,259.4,160.8,17.36,26.95
02-07-2019 16:30,0.77,38.9,54.7,62.66,259.4,160.8,17.3,26.51
02-07-2019 16:45,0.74,35.4,56.33,70.89,260.4,161.2,16.86,27.76
02-07-2019 17:00,0.79,41.58,58.04,57.77,256.3,156.7,18.48,25.57
02-07-2019 17:15,0.79,41.91,59.62,58.23,256.3,156.7,19.45,25.15
02-07-2019 17:30,0.82,43.26,64.84,55.84,256.3,156.7,20.88,24.62
02-07-2019 17:45,0.84,40.41,59.82,60.59,257,157.6,17.7,26.05
02-07-2019 18:00,0.89,47.72,77.65,46.67,277.8,163.9,27.87,23.41
02-07-2019 18:15,0.93,48.56,80.41,46.69,277.8,163.9,29.33,22.8
02-07-2019 18:30,1.08,49.81,93.04,43.3,277.8,163.9,29.97,22.66
02-07-2019 18:45,0.86,45.35,71.18,49.75,273,162.3,23.66,24.06
02-07-2019 19:00,1.17,51.96,118.89,35.88,282.6,161.2,31.96,22.08
02-07-2019 19:15,1.2,52.92,123.37,33.89,282.6,161.2,30.1,21.94
02-07-2019 19:30,1.31,53.7,141.08,29.91,282.6,161.2,31.07,21.97
02-07-2019 19:45,1.23,51.13,123.97,38.95,281.5,161.9,50.29,22.31
02-07-2019 20:00,1.41,55.64,182.74,21.5,324.9,192.9,28.59,21.53
02-07-2019 20:15,1.44,55.21,186.36,20.16,324.9,192.9,27.4,21.52
02-07-2019 20:30,1.6,54.76,180.34,23.13,324.9,192.9,34.13,21.64
02-07-2019 20:45,1.36,54.93,172.07,24.2,315.5,185.5,34.11,21.72
02-07-2019 21:00,1.57,56.31,152.31,28.97,349.4,216.8,24.38,21.18
02-07-2019 21:15,1.7,55.7,169.79,23.57,349.4,216.8,20.27,21.5
02-07-2019 21:30,1.7,58.06,181.3,19.97,349.4,216.8,18.03,20.99
02-07-2019 21:45,1.59,55.63,162.59,27.93,343.7,211.2,29.97,21.36
02-07-2019 22:00,2,58.89,240.33,8.77,375,210.3,17.41,21.19
02-07-2019 22:15,1.65,60.69,231.1,8.98,375,210.3,17.32,20.92
02-07-2019 22:30,1.64,63.35,214.76,11.12,375,210.3,17.53,20.57
02-07-2019 22:45,1.96,57.98,216.39,13.9,369.1,211.8,17.57,21.28
02-07-2019 23:00,1.43,63.8,175.44,18.95,407.1,218,15.98,20.5
02-07-2019 23:15,1.26,62.99,142.44,26.81,407.1,218,14.82,20.5
02-07-2019 23:30,1.12,63.06,124.61,29.99,407.1,218,14.11,20.43
02-07-2019 23:45,1.57,63.88,201.51,13.25,399.6,216.2,16.86,20.56
02-08-2019 00:00,NaN,NaN,NaN,NaN,NaN,NaN,NaN,NaN
02-08-2019 00:00,1.12,68.29,109.79,24.79,425.3,241.8,11.58,19.8
02-10-2019 00:15,0.38,67.53,65.06,27.77,138.3,94.3,6.36,18.5
02-10-2019 00:30,0.38,68.13,61.11,29.92,138.3,94.3,6.22,18.38
02-10-2019 00:45,0.38,68.51,57.35,31.5,119.2,75.4,5.28,18.23
02-10-2019 01:00,0.41,69.03,60.96,28.42,113.7,70,5.39,18.05
02-10-2019 01:15,0.43,69,75.35,23.02,113.7,70,5.04,17.95
02-10-2019 01:30,0.51,68.8,95.82,17.24,113.7,70,6.12,17.86
02-10-2019 01:45,0.49,70.43,116.51,13.29,104.4,71.7,6.01,17.68
02-10-2019 02:00,0.44,71.83,105.52,13.31,101.6,72.2,5.06,17.46
02-10-2019 02:15,0.49,72.15,110.82,13.53,101.6,72.2,5.3,17.35
02-10-2019 02:30,0.54,71.84,107.3,13.27,101.6,72.2,5.56,17.25
02-10-2019 02:45,0.49,70.43,116.51,13.29,104.4,71.7,6.01,17.68
02-10-2019 03:00,0.44,67.12,43.64,34.51,97.9,64.3,5.04,17.46
02-10-2019 03:15,0.53,69.76,69.84,24.59,97.9,64.3,5.58,17.21
02-10-2019 03:30,0.58,71.65,90.76,17.12,97.9,64.3,6.05,17.08
02-10-2019 03:45,0.51,68.21,65.23,27.61,98.8,66.1,6.95,17.42
02-10-2019 04:00,0.54,72.83,83.45,19.25,98.3,58.8,6.24,16.79
02-10-2019 04:15,0.56,71.93,91.58,18.26,98.3,58.8,7.94,16.68
02-10-2019 04:30,0.51,71.23,90.3,20.05,98.3,58.8,7.85,16.58
02-10-2019 04:45,0.53,71.86,88.14,18.45,98.2,60.1,6.35,16.98
02-10-2019 05:00,0.45,73.5,74.95,24.28,92.6,62.3,7.19,16.39
02-10-2019 05:15,0.44,72.53,78.82,22.36,92.6,62.3,12.32,16.33
02-10-2019 05:30,0.47,72.45,79.68,22.3,92.6,62.3,18.73,16.25
02-10-2019 05:45,0.44,72.21,68.13,27.72,93.9,61.5,7.08,16.53
02-10-2019 06:00,0.53,73.01,84.03,21.77,95.6,62.6,17.37,15.98
02-10-2019 06:15,0.48,73.32,80.59,23.02,95.6,62.6,10.8,15.89
02-10-2019 06:30,0.5,73.44,80.55,22.93,95.6,62.6,8.35,15.82
02-10-2019 06:45,0.5,72.45,83.36,22.09,94.9,62.5,21.48,16.15
02-10-2019 07:00,0.48,72.02,59.07,27.96,117.5,71.6,5.93,15.92
02-10-2019 07:15,0.48,69.95,53.11,30.12,117.5,71.6,5.3,16.11
02-10-2019 07:30,0.51,67.85,52.7,30.07,117.5,71.6,5.01,16.34
02-10-2019 07:45,0.5,73.24,71.98,24.87,112.4,69.5,7.05,15.8
02-10-2019 08:00,0.53,61.54,51.89,33.79,126.3,72.5,6.76,17.18
02-10-2019 08:15,0.52,59.03,53.57,32.09,126.3,72.5,8.08,17.8
02-10-2019 08:30,0.53,54.08,56.01,34.57,126.3,72.5,7.88,18.44
02-10-2019 08:45,0.54,64.11,54.58,31.35,124.2,72.3,6.23,16.71
02-10-2019 09:00,0.5,48.06,51.65,41.96,129.1,72.3,8.06,19.16
02-10-2019 09:15,0.51,45.54,50.01,42.33,129.1,72.3,9.46,19.7
02-10-2019 09:30,0.59,42.89,55.43,44.31,129.1,72.3,10.03,20.35
02-10-2019 09:45,0.51,50.52,54.13,38.88,128.5,72.4,7.71,18.64
02-10-2019 10:00,0.46,37,39.93,50.6,152.2,74,8.02,20.7
02-10-2019 10:15,0.45,34.63,41.82,50.56,152.2,74,7.11,21.26
02-10-2019 10:30,0.41,34.3,42.1,51.22,152.2,74,6.97,21.26
02-10-2019 10:45,0.52,39.39,43.67,47.93,146.8,73.6,8.37,20.66
02-10-2019 11:00,0.4,33.11,38.94,50.68,150.1,73.9,7.03,22.25
02-10-2019 11:15,0.39,31.79,38.14,51.34,150.1,73.9,8.82,22.69
02-10-2019 11:30,0.39,31.39,37.78,52.73,150.1,73.9,9.53,22.24
02-10-2019 11:45,0.4,34.27,43.46,48.99,150.6,73.9,7.94,21.67
02-10-2019 12:00,0.36,30.05,35.52,52.24,151.3,80.6,9.69,22.91
02-10-2019 12:15,0.35,30.56,33.88,53.47,151.3,80.6,7.58,22.57
02-10-2019 12:30,0.39,29.98,35.04,53.63,151.3,80.6,7.1,23.12
02-10-2019 12:45,0.37,30.47,35.58,53.13,151,79,9.62,22.66
02-10-2019 13:00,0.41,29.75,39.23,52.82,143.4,72.8,7.01,23.39
02-10-2019 13:15,0.42,28.62,42.08,51.46,143.4,72.8,7.21,24.14
02-10-2019 13:30,0.41,28.39,42.95,53.5,143.4,72.8,6.02,24.17
02-10-2019 13:45,0.4,29.51,42.8,51.97,145.2,74.6,7.39,23.37
02-10-2019 14:00,0.37,28.17,37,56.64,144.2,66.2,5.11,24.12
02-10-2019 14:15,0.37,28.51,37.9,56.22,144.2,66.2,5.36,24.27
02-10-2019 14:30,0.38,28.25,38.48,54.54,144.2,66.2,5.03,24.17
02-10-2019 14:45,0.4,28.38,39.84,53.3,144,67.8,4.87,24.24
02-10-2019 15:00,0.38,28.57,35.49,53.62,141.7,63.1,5.41,23.96
02-10-2019 15:15,0.37,28.56,37.75,51.77,141.7,63.1,5.95,24.06
02-10-2019 15:30,0.38,29.16,37.77,52.11,141.7,63.1,5.33,23.94
02-10-2019 15:45,0.39,28.63,36.3,55.92,142.3,63.9,5.25,24.01
02-10-2019 16:00,0.37,29.39,40.08,51.64,136.9,65.9,6.22,23.4
02-10-2019 16:15,0.38,28.79,46.01,49.83,136.9,65.9,5.51,23.4
02-10-2019 16:30,0.4,30.25,49.89,49.07,136.9,65.9,7.13,22.69
02-10-2019 16:45,0.38,29.25,40.34,52.41,138,65.3,4.98,23.6
02-10-2019 17:00,0.43,33.03,54.25,47.88,130.3,54.6,5.66,21.77
02-10-2019 17:15,0.42,34.21,52.15,44.76,130.3,54.6,5.04,21.3
02-10-2019 17:30,0.45,35.48,57.99,42.91,130.3,54.6,4.86,20.86
02-10-2019 17:45,0.39,30.47,49.98,48.79,131.8,57.2,6.55,22.37
02-10-2019 18:00,0.41,37.42,48.55,44.34,137.6,61.4,4.7,20.2
02-10-2019 18:15,0.48,38.24,48.65,40.9,137.6,61.4,5.87,19.93
02-10-2019 18:30,0.55,39.52,61.18,38.52,137.6,61.4,5.44,19.64
02-10-2019 18:45,0.44,36.89,59,44.05,135.9,59.8,4.04,20.47
02-10-2019 19:00,0.6,40.61,84.11,33.31,131.3,60,4.54,19.32
02-10-2019 19:15,0.6,41.35,85.17,32.95,131.3,60,4.67,19.09
02-10-2019 19:30,0.69,41.92,89.02,32.6,131.3,60,6.21,18.84
02-10-2019 19:45,0.57,40.15,79.38,35.8,132.7,60.3,4.5,19.37
02-10-2019 20:00,1.01,42.4,134.24,24.77,132,70.2,10.01,18.67
02-10-2019 20:15,0.85,43.08,137.1,24.46,132,70.2,6.98,18.55
02-10-2019 20:30,1.01,44.12,112.98,27.88,132,70.2,8.73,18.47
02-10-2019 20:45,0.97,41.07,105.11,30.35,131.8,67.8,13.75,19.05
02-10-2019 21:00,0.98,47.34,99.64,27.51,159.8,74.2,7.33,17.93
02-10-2019 21:15,0.99,48.13,97.8,26.69,159.8,74.2,6.19,17.81
02-10-2019 21:30,1.05,48.52,101.45,26.47,159.8,74.2,5.62,17.81
02-10-2019 21:45,1.06,45.48,101.97,28.3,153.3,73.2,8.58,18.36
02-10-2019 22:00,0.93,49.62,103.37,25.93,182.1,87.6,5.26,17.59
02-10-2019 22:15,0.69,49.98,91.33,28.84,182.1,87.6,5.51,17.47
02-10-2019 22:30,0.67,49.39,80.89,32,182.1,87.6,5.77,17.5
02-10-2019 22:45,1.01,48.64,106.92,26.04,176.9,84.4,5.32,17.83
02-10-2019 23:00,0.72,49.72,80.82,30.01,184.9,96.6,5.68,17.34
02-10-2019 23:15,0.7,49.76,78.13,30.4,184.9,96.6,5.81,17.28
02-10-2019 23:30,0.73,50.45,80.16,28.65,184.9,96.6,5.59,17.13
02-10-2019 23:45,0.66,49.66,76.13,32.66,184.2,94.5,5.75,17.43
02-11-2019 00:00,NaN,NaN,NaN,NaN,NaN,NaN,NaN,NaN
02-11-2019 00:15,0.63,53.48,74.29,30.87,194.7,109.8,6.22,16.62
02-11-2019 00:30,0.6,53.16,66.16,34.79,194.7,109.8,7.18,16.77
02-11-2019 00:45,0.58,53.63,62.86,35.31,189.4,115,7.53,16.7
02-11-2019 01:00,0.58,54.51,58.52,34.89,187.8,116.5,8.5,16.68
02-11-2019 01:15,0.59,56.17,56.56,33.2,187.8,116.5,7.53,16.44
02-11-2019 01:30,0.54,56.07,54.51,32.72,187.8,116.5,7.43,16.36
02-11-2019 01:45,0.54,55.7,51.44,34.36,187.3,109.2,8.24,16.47
02-11-2019 02:00,0.52,57.12,49.02,33.99,187.2,107,7.67,16.12
02-11-2019 02:15,0.51,57.44,48.35,32.44,187.2,107,8.29,15.99
02-11-2019 02:30,0.53,58.04,47.8,33.15,187.2,107,7.88,16.01
02-11-2019 02:45,0.54,55.7,51.44,34.36,187.3,109.2,8.24,16.47
02-11-2019 03:00,0.74,59.5,85.48,24.39,177.3,106.6,12.15,15.71
02-11-2019 03:15,0.87,59.44,67.04,27.55,177.3,106.6,14.14,15.8
02-11-2019 03:30,0.81,60.36,55.13,29.12,177.3,106.6,13.04,15.72
02-11-2019 03:45,0.65,58.78,73.25,26.86,179.6,106.7,9.35,15.83
02-11-2019 04:00,0.61,59.89,47.92,31.79,179,103.8,10.1,15.75
02-11-2019 04:15,0.57,60.31,45.81,30.92,179,103.8,8.9,15.62
02-11-2019 04:30,0.55,61.32,45.78,30.75,179,103.8,8.87,15.42
02-11-2019 04:45,0.71,60.38,50.72,30.04,178.6,104.4,10.49,15.72
02-11-2019 05:00,0.55,64.01,45.6,27.9,164.5,105.6,7.83,14.95
02-11-2019 05:15,0.57,65.87,47.26,26.54,164.5,105.6,6.53,14.69
02-11-2019 05:30,0.6,68.2,50.24,23.75,164.5,105.6,5.64,14.33
02-11-2019 05:45,0.55,62.97,45.5,28.99,167.9,105.2,7.65,15.05
02-11-2019 06:00,0.68,68.91,59.59,19.53,177.4,108.8,5.44,14.22
02-11-2019 06:15,0.72,69.2,62.2,18.25,177.4,108.8,6.38,14.25
02-11-2019 06:30,0.81,69.16,74.3,16.39,177.4,108.8,7.56,14.34
02-11-2019 06:45,0.67,69.5,55.43,21.05,174.4,108,5.11,14.14
02-11-2019 07:00,0.74,65.93,100.63,14.74,186.8,118.6,12.44,14.92
02-11-2019 07:15,0.67,64.04,92.61,21.66,186.8,118.6,16.11,15.2
02-11-2019 07:30,0.87,62.06,113.07,22.39,186.8,118.6,18.93,15.69
02-11-2019 07:45,0.85,68.7,96.45,12.23,184.6,116.4,8.56,14.42
02-11-2019 08:00,0.77,58.04,93.01,25.9,208.8,124.5,18.83,16.86
02-11-2019 08:15,0.7,54.57,80.79,29.97,208.8,124.5,14.33,17.52
02-11-2019 08:30,0.74,51.77,81.8,30.28,208.8,124.5,15.8,18.12
02-11-2019 08:45,1,61.86,110.03,21.64,203.7,123.1,20.16,16.13
02-11-2019 09:00,0.74,50.26,92.92,32.83,209.7,123,30.04,18.83
02-11-2019 09:15,0.68,47.97,81.7,37.28,209.7,123,30.74,19.23
02-11-2019 09:30,0.6,45.01,64.66,40.79,209.7,123,30.53,19.89
02-11-2019 09:45,0.74,51.78,88.36,31.66,209.5,123.4,24.55,18.3
02-11-2019 10:00,0.5,40.37,48.58,47.69,231.2,121.9,19.64,20.54
02-11-2019 10:15,0.58,38.33,54.01,45.01,231.2,121.9,20,21.11
02-11-2019 10:30,0.58,37.59,54.11,45.48,231.2,121.9,14.51,21.58
02-11-2019 00:15,0.63,53.48,74.29,30.87,194.7,109.8,6.22,16.62
02-11-2019 00:30,0.6,53.16,66.16,34.79,194.7,109.8,7.18,16.77
02-11-2019 00:45,0.58,53.63,62.86,35.31,189.4,115,7.53,16.7
02-11-2019 01:00,0.58,54.51,58.52,34.89,187.8,116.5,8.5,16.68
02-11-2019 01:15,0.59,56.17,56.56,33.2,187.8,116.5,7.53,16.44
02-11-2019 01:30,0.54,56.07,54.51,32.72,187.8,116.5,7.43,16.36
02-11-2019 01:45,0.54,55.7,51.44,34.36,187.3,109.2,8.24,16.47
02-11-2019 02:00,0.52,57.12,49.02,33.99,187.2,107,7.67,16.12
02-11-2019 02:15,0.51,57.44,48.35,32.44,187.2,107,8.29,15.99
02-11-2019 02:30,0.53,58.04,47.8,33.15,187.2,107,7.88,16.01
02-11-2019 02:45,0.54,55.7,51.44,34.36,187.3,109.2,8.24,16.47
02-11-2019 03:00,0.74,59.5,85.48,24.39,177.3,106.6,12.15,15.71
02-11-2019 03:15,0.87,59.44,67.04,27.55,177.3,106.6,14.14,15.8
02-11-2019 03:30,0.81,60.36,55.13,29.12,177.3,106.6,13.04,15.72
02-11-2019 03:45,0.65,58.78,73.25,26.86,179.6,106.7,9.35,15.83
02-11-2019 04:00,0.61,59.89,47.92,31.79,179,103.8,10.1,15.75
02-11-2019 04:15,0.57,60.31,45.81,30.92,179,103.8,8.9,15.62
02-11-2019 04:30,0.55,61.32,45.78,30.75,179,103.8,8.87,15.42
02-11-2019 04:45,0.71,60.38,50.72,30.04,178.6,104.4,10.49,15.72
02-11-2019 05:00,0.55,64.01,45.6,27.9,164.5,105.6,7.83,14.95
02-11-2019 05:15,0.57,65.87,47.26,26.54,164.5,105.6,6.53,14.69
02-11-2019 05:30,0.6,68.2,50.24,23.75,164.5,105.6,5.64,14.33
02-11-2019 05:45,0.55,62.97,45.5,28.99,167.9,105.2,7.65,15.05
02-11-2019 06:00,0.68,68.91,59.59,19.53,177.4,108.8,5.44,14.22
02-11-2019 06:15,0.72,69.2,62.2,18.25,177.4,108.8,6.38,14.25
02-11-2019 06:30,0.81,69.16,74.3,16.39,177.4,108.8,7.56,14.34
02-11-2019 06:45,0.67,69.5,55.43,21.05,174.4,108,5.11,14.14
02-11-2019 07:00,0.74,65.93,100.63,14.74,186.8,118.6,12.44,14.92
02-11-2019 07:15,0.67,64.04,92.61,21.66,186.8,118.6,16.11,15.2
02-11-2019 07:30,0.87,62.06,113.07,22.39,186.8,118.6,18.93,15.69
02-11-2019 07:45,0.85,68.7,96.45,12.23,184.6,116.4,8.56,14.42
02-11-2019 08:00,0.77,58.04,93.01,25.9,208.8,124.5,18.83,16.86
02-11-2019 08:15,0.7,54.57,80.79,29.97,208.8,124.5,14.33,17.52
02-11-2019 08:30,0.74,51.77,81.8,30.28,208.8,124.5,15.8,18.12
02-11-2019 08:45,1,61.86,110.03,21.64,203.7,123.1,20.16,16.13
02-11-2019 09:00,0.74,50.26,92.92,32.83,209.7,123,30.04,18.83
02-11-2019 09:15,0.68,47.97,81.7,37.28,209.7,123,30.74,19.23
02-11-2019 09:30,0.6,45.01,64.66,40.79,209.7,123,30.53,19.89
02-11-2019 09:45,0.74,51.78,88.36,31.66,209.5,123.4,24.55,18.3
02-11-2019 10:00,0.5,40.37,48.58,47.69,231.2,121.9,19.64,20.54
02-11-2019 10:15,0.58,38.33,54.01,45.01,231.2,121.9,20,21.11
02-11-2019 10:30,0.58,37.59,54.11,45.48,231.2,121.9,14.51,21.58
02-11-2019 10:45,0.46,42.23,52.5,46.4,226.2,122.1,20.3,20.02
02-11-2019 11:00,0.51,35.17,52,47.48,198.8,108.5,8.62,22.3
02-11-2019 11:15,0.5,34.72,47.9,46.52,198.8,108.5,8.63,23.06
02-11-2019 11:30,0.48,35.17,46.28,46.39,198.8,108.5,7.71,23.11
02-11-2019 11:45,0.57,37.05,54.91,46.68,206.3,111.4,11.7,22.09
02-11-2019 12:00,0.46,33.4,46.68,47.13,190.7,101.7,7.76,24.17
02-11-2019 12:15,0.42,34.91,41.68,47.76,190.7,101.7,8.99,23.79
02-11-2019 12:30,0.44,33.65,47.05,48.37,190.7,101.7,10.37,24.38
02-11-2019 12:45,0.48,34.14,49.24,45.2,192.6,103.3,8.5,23.68
02-11-2019 13:00,0.43,32.48,52.2,49.52,169.8,101.3,9.11,24.41
02-11-2019 13:15,0.39,32.06,40.29,49.9,169.8,101.3,9.03,24.53
02-11-2019 13:30,0.4,31.66,42.19,50.66,169.8,101.3,9.94,24.5
02-11-2019 13:45,0.46,33.57,63.98,47.27,174.7,101.4,9.44,24.33
02-11-2019 14:00,0.37,31.25,39.7,52.41,171.7,86.6,10.17,24.44
02-11-2019 14:15,0.35,31.08,36.97,52.27,171.7,86.6,8.37,24.54
02-11-2019 14:30,0.37,30.14,36.13,49.81,171.7,86.6,8.23,25
02-11-2019 14:45,0.39,30.23,42.39,51.93,171.3,90,9.86,24.91
02-11-2019 15:00,0.38,29.93,38.25,48.39,151.4,89.2,8.3,24.51
02-11-2019 15:15,0.39,30.79,43.99,47.73,151.4,89.2,7.59,24.61
02-11-2019 15:30,0.4,32.32,48.49,48.09,151.4,89.2,6.58,24.44
02-11-2019 15:45,0.37,30.03,37.19,48.77,156.1,88.6,7.1,24.69
02-11-2019 16:00,0.4,34.44,52.82,47.94,143,77.1,5.57,23.92
02-11-2019 16:15,0.43,35.85,44.11,47.57,143,77.1,5.22,23.61
02-11-2019 16:30,0.44,36.74,44.26,49.66,143,77.1,5.99,23.28
02-11-2019 16:45,0.41,33.86,52.25,46.61,145,79.9,5.56,24.54
02-11-2019 17:00,0.52,37.86,71.91,45.2,133.9,79.3,6.72,22.64
02-11-2019 17:15,0.49,39.37,70.05,46.05,133.9,79.3,9.2,22.02
02-11-2019 17:30,0.52,NaN,71.66,44.72,133.9,79.3,9.61,NaN
02-11-2019 17:45,0.45,37.82,45.04,49.25,136,78.8,7.08,23.05
02-11-2019 18:00,0.6,42.77,107.4,38.07,142.7,78.6,14.85,21.01
02-11-2019 18:15,0.63,43.85,112.08,37,142.7,78.6,12.91,20.83
02-11-2019 18:30,0.67,45.85,116.48,34.24,142.7,78.6,9.59,20.33
02-11-2019 18:45,0.54,42.07,79.93,41.38,140.6,78.8,12.29,21.19
02-11-2019 19:00,0.69,46.19,88.32,39.88,161.8,87.3,12.38,20.05
02-11-2019 19:15,0.72,46.59,70.98,42.19,161.8,87.3,13.86,20.15
02-11-2019 19:30,0.72,48.82,68.68,41.43,161.8,87.3,13.68,19.58
02-11-2019 19:45,0.67,46.8,105.61,34.92,157.4,85.3,8.78,19.97
02-11-2019 20:00,0.88,50.8,85.35,36.08,172,99.6,12.82,19.01
02-11-2019 20:15,0.83,52.62,84.96,33.11,172,99.6,11.22,18.76
02-11-2019 20:30,1.01,54.5,102.53,28.18,172,99.6,13.67,18.28
02-11-2019 20:45,0.82,49.9,72.07,38.8,169.7,96.7,12.45,19.29
02-11-2019 21:00,1.07,56.3,129.39,22.4,222.7,132.2,16.43,17.94
02-11-2019 21:15,1.2,57.39,141.6,19.64,222.7,132.2,20.09,17.85
02-11-2019 21:30,1.38,58.39,151.35,19.46,222.7,132.2,18.81,17.65
02-11-2019 21:45,1.03,55.31,119.32,24.45,210.9,124.6,17.35,18.17
02-11-2019 22:00,1.44,59.6,138.59,20.73,302.5,181.5,12.37,17.35
02-11-2019 22:15,1.29,59.19,137.15,20.04,302.5,181.5,10.81,17.56
02-11-2019 22:30,1.35,60.89,142.02,14.81,302.5,181.5,9.91,17.35
02-11-2019 22:45,1.46,58.85,146.34,20.42,284.8,170,15.71,17.5
02-11-2019 23:00,1.43,61.33,161.84,11.79,313.8,196.5,8.98,17.03
02-11-2019 23:15,1.41,62.73,169.2,10.43,313.8,196.5,8.48,16.72
02-11-2019 23:30,1.29,62.31,174.95,8.59,313.8,196.5,8.41,16.73
02-11-2019 23:45,1.37,60.98,150.91,13.15,311.3,193,9.39,17.33
02-11-2019 23:45,1.37,60.98,150.91,13.15,311.3,193,9.39,17.33
02-12-2019 00:30,1.3,64.68,176.39,9.33,543.6,263.4,7.61,16.32
02-12-2019 00:45,1.13,64.19,158.26,11.73,439.3,261.5,7.44,16.4
02-12-2019 01:00,1,63.36,134.77,17.19,407.6,260.9,8.08,16.64
02-12-2019 01:15,0.98,64.65,121.52,17.77,407.6,260.9,8.79,16.43
02-12-2019 01:30,0.97,64.16,124.53,15.96,407.6,260.9,9.29,16.46
02-12-2019 01:45,0.97,62.62,163.32,9.42,356.2,254.5,9.89,16.64
02-12-2019 02:00,0.87,61.76,164.16,8.76,340.6,252.5,9.45,16.46
02-12-2019 02:15,0.75,59.45,133.75,16.14,340.6,252.5,9.89,16.57
02-12-2019 02:30,0.74,58.03,80.64,27.27,340.6,252.5,9.54,16.8
02-12-2019 02:45,0.97,62.62,163.32,9.42,356.2,254.5,9.89,16.64
02-12-2019 03:00,0.85,60.56,66.28,27.76,268.3,206.6,8.79,16.49
02-12-2019 03:15,0.8,62.06,65.22,26.82,268.3,206.6,6.96,16.21
02-12-2019 03:30,0.76,62.5,63.83,26.78,268.3,206.6,6.71,16.18
02-12-2019 03:45,0.79,59.27,69.12,28.89,285.1,217.3,10.43,16.77
02-12-2019 04:00,0.78,64.34,65.45,24.68,278.3,199.6,5.35,15.99
02-12-2019 04:15,0.7,64.38,67.2,23.87,278.3,199.6,7.31,15.98
02-12-2019 04:30,0.67,63.58,65.47,25.75,278.3,199.6,8.61,15.91
02-12-2019 04:45,0.77,63.68,63.79,25.51,276,201.2,5.76,16.05
02-12-2019 05:00,0.64,63.79,96.04,21.14,237,184.4,12.75,15.78
02-12-2019 05:15,0.85,64.6,142.38,11.01,237,184.4,16.53,15.83
02-12-2019 05:30,0.84,65.61,141.13,8.74,237,184.4,19.76,15.71
02-12-2019 05:45,0.6,63.53,62.94,26.34,246.2,188,9.63,15.79
02-12-2019 06:00,0.84,67.96,144.02,9.46,250.7,163.7,19.72,15.57
02-12-2019 06:15,0.99,68.87,143.41,8.23,250.7,163.7,20.74,15.52
02-12-2019 06:30,0.85,68.99,126.09,12.13,250.7,163.7,12.38,15.5
02-12-2019 06:45,0.77,66.67,131.23,11.14,247.5,168.6,16.71,15.64
02-12-2019 07:00,0.84,68.59,140.28,11.6,233.2,175.4,10.02,15.77
02-12-2019 07:15,0.82,67.47,138.51,11.14,233.2,175.4,12.91,16.02
02-12-2019 07:30,0.81,66.3,135.9,13.44,233.2,175.4,17.26,16.33
02-12-2019 07:45,0.81,69.47,132.26,12.69,237.3,172.7,9.55,15.62
02-12-2019 08:00,0.8,63.08,123.81,17.01,267.8,186.3,20.04,17.26
02-12-2019 08:15,0.78,60.73,122.99,19.68,267.8,186.3,20.64,17.93
02-12-2019 08:30,0.85,59.22,122.57,22.01,267.8,186.3,23,18.32
02-12-2019 08:45,0.82,65.28,132.51,14.07,259.8,183.8,20.83,16.63
02-12-2019 09:00,0.76,53.41,109.47,28.44,267.7,183,24.13,19.59
02-12-2019 09:15,0.65,49.81,81.39,33.66,267.7,183,16.69,20.51
02-12-2019 09:30,0.55,47.35,61.83,39.02,267.7,183,10.36,21
02-12-2019 09:45,0.85,56.04,119.73,24.54,267.8,183.8,23.36,19.14
02-12-2019 10:00,0.5,45.71,40.69,46.87,258.9,159.2,7.85,20.87
02-12-2019 10:15,0.49,43.83,41.38,46.9,258.9,159.2,10.28,21.53
02-12-2019 10:30,0.5,42.89,40.5,48.04,258.9,159.2,9.6,21.45
02-12-2019 10:45,0.5,46.26,50.32,45.62,261,164.8,7.8,20.91
02-12-2019 11:00,0.51,39.52,42.81,50,211.9,130.8,12.36,22.97
02-12-2019 11:15,0.52,36.06,45.1,50.74,211.9,130.8,13.83,23.79
02-12-2019 11:30,0.49,35.43,46.61,51.05,211.9,130.8,17.56,23.69
02-12-2019 11:45,0.55,41.03,42.28,48.66,222.9,137.5,11.19,22.53
02-12-2019 12:00,0.48,33.2,56.59,49.71,188.6,116.6,12.92,24.85
02-12-2019 12:15,0.49,32.59,52.59,51.46,188.6,116.6,10.2,25.29
02-12-2019 00:15,1.34,64.54,171.19,12.04,543.6,263.4,6.97,16.4
02-12-2019 00:30,1.3,64.68,176.39,9.33,543.6,263.4,7.61,16.32
02-12-2019 00:45,1.13,64.19,158.26,11.73,439.3,261.5,7.44,16.4
02-12-2019 01:00,1,63.36,134.77,17.19,407.6,260.9,8.08,16.64
02-12-2019 01:15,0.98,64.65,121.52,17.77,407.6,260.9,8.79,16.43
02-12-2019 01:30,0.97,64.16,124.53,15.96,407.6,260.9,9.29,16.46
02-12-2019 01:45,0.97,62.62,163.32,9.42,356.2,254.5,9.89,16.64
02-12-2019 02:00,0.87,61.76,164.16,8.76,340.6,252.5,9.45,16.46
02-12-2019 02:15,0.75,59.45,133.75,16.14,340.6,252.5,9.89,16.57
02-12-2019 02:30,0.74,58.03,80.64,27.27,340.6,252.5,9.54,16.8
02-12-2019 02:45,0.97,62.62,163.32,9.42,356.2,254.5,9.89,16.64
02-12-2019 03:00,0.85,60.56,66.28,27.76,268.3,206.6,8.79,16.49
02-12-2019 03:15,0.8,62.06,65.22,26.82,268.3,206.6,6.96,16.21
02-12-2019 03:30,0.76,62.5,63.83,26.78,268.3,206.6,6.71,16.18
02-12-2019 03:45,0.79,59.27,69.12,28.89,285.1,217.3,10.43,16.77
02-12-2019 04:00,0.78,64.34,65.45,24.68,278.3,199.6,5.35,15.99
02-12-2019 04:15,0.7,64.38,67.2,23.87,278.3,199.6,7.31,15.98
02-12-2019 04:30,0.67,63.58,65.47,25.75,278.3,199.6,8.61,15.91
02-12-2019 04:45,0.77,63.68,63.79,25.51,276,201.2,5.76,16.05
02-12-2019 05:00,0.64,63.79,96.04,21.14,237,184.4,12.75,15.78
02-12-2019 05:15,0.85,64.6,142.38,11.01,237,184.4,16.53,15.83
02-12-2019 05:30,0.84,65.61,141.13,8.74,237,184.4,19.76,15.71
02-12-2019 05:45,0.6,63.53,62.94,26.34,246.2,188,9.63,15.79
02-12-2019 06:00,0.84,67.96,144.02,9.46,250.7,163.7,19.72,15.57
02-12-2019 06:15,0.99,68.87,143.41,8.23,250.7,163.7,20.74,15.52
02-12-2019 06:30,0.85,68.99,126.09,12.13,250.7,163.7,12.38,15.5
02-12-2019 06:45,0.77,66.67,131.23,11.14,247.5,168.6,16.71,15.64
02-12-2019 07:00,0.84,68.59,140.28,11.6,233.2,175.4,10.02,15.77
02-12-2019 07:15,0.82,67.47,138.51,11.14,233.2,175.4,12.91,16.02
02-12-2019 07:30,0.81,66.3,135.9,13.44,233.2,175.4,17.26,16.33
02-12-2019 07:45,0.81,69.47,132.26,12.69,237.3,172.7,9.55,15.62
02-12-2019 08:00,0.8,63.08,123.81,17.01,267.8,186.3,20.04,17.26
02-12-2019 08:15,0.78,60.73,122.99,19.68,267.8,186.3,20.64,17.93
02-12-2019 08:30,0.85,59.22,122.57,22.01,267.8,186.3,23,18.32
02-12-2019 08:45,0.82,65.28,132.51,14.07,259.8,183.8,20.83,16.63
02-12-2019 09:00,0.76,53.41,109.47,28.44,267.7,183,24.13,19.59
02-12-2019 09:15,0.65,49.81,81.39,33.66,267.7,183,16.69,20.51
02-12-2019 09:30,0.55,47.35,61.83,39.02,267.7,183,10.36,21
02-12-2019 09:45,0.85,56.04,119.73,24.54,267.8,183.8,23.36,19.14
02-12-2019 10:00,0.5,45.71,40.69,46.87,258.9,159.2,7.85,20.87
02-12-2019 10:15,0.49,43.83,41.38,46.9,258.9,159.2,10.28,21.53
02-12-2019 10:30,0.5,42.89,40.5,48.04,258.9,159.2,9.6,21.45
02-12-2019 10:45,0.5,46.26,50.32,45.62,261,164.8,7.8,20.91
02-12-2019 11:00,0.51,39.52,42.81,50,211.9,130.8,12.36,22.97
02-12-2019 11:15,0.52,36.06,45.1,50.74,211.9,130.8,13.83,23.79
02-12-2019 11:30,0.49,35.43,46.61,51.05,211.9,130.8,17.56,23.69
02-12-2019 11:45,0.55,41.03,42.28,48.66,222.9,137.5,11.19,22.53
02-12-2019 12:00,0.48,33.2,56.59,49.71,188.6,116.6,12.92,24.85
02-12-2019 12:15,0.49,32.59,52.59,51.46,188.6,116.6,10.2,25.29
02-12-2019 12:30,0.5,32.52,47.21,51.02,188.6,116.6,9.23,25.01
02-12-2019 12:45,0.49,33.87,53.11,49.21,194,119.9,13.73,24.44
02-12-2019 13:00,0.5,32.55,47.56,51.89,175.7,117.3,9.95,25.5
02-12-2019 13:15,0.51,31.6,49.47,52.36,175.7,117.3,9.91,25.73
02-12-2019 13:30,0.48,29.21,47.5,50.75,175.7,117.3,9.04,25.62
02-12-2019 13:45,0.5,32.43,52.21,50.65,178.7,117.1,9.59,25.22
02-12-2019 14:00,0.5,29.06,39.68,51.7,169.7,98.2,9.75,26.15
02-12-2019 14:15,0.46,27.81,53.47,50.51,169.7,98.2,9.36,25.54
02-12-2019 14:30,0.47,27.45,41.62,50.22,169.7,98.2,10.65,25.93
02-12-2019 14:45,0.48,29.27,41.21,51.11,171.1,102.5,9.36,25.91
02-12-2019 15:00,0.46,25.82,41.11,48.64,177.4,87.7,10.31,25.84
02-12-2019 15:15,0.45,25.65,47.91,47.72,177.4,87.7,10.62,25.86
02-12-2019 15:30,0.49,23.56,52.16,46.9,177.4,87.7,11.21,25.68
02-12-2019 15:45,0.48,26.35,52.24,48.91,175.6,90.1,9.23,26.23
02-12-2019 16:00,0.46,25.6,46.34,46.22,155.7,86.7,11.65,25.31
02-12-2019 16:15,0.43,25.27,50.24,44.82,155.7,86.7,9.85,25.14
02-12-2019 16:30,0.45,24.74,60.75,43.02,155.7,86.7,7.23,25.08
02-12-2019 16:45,0.44,23.99,45.2,47.16,160.5,87,9.18,25.61
02-12-2019 17:00,0.54,28.05,79.1,38.68,144.7,78.7,10.8,24.08
02-12-2019 17:15,0.58,29.8,100.02,36.09,144.7,78.7,13.59,23.45
02-12-2019 17:30,0.62,32.22,113.46,32.71,144.7,78.7,9.5,22.8
02-12-2019 17:45,0.52,26.19,67.59,40.68,147.2,80.5,7.26,24.65
02-12-2019 18:00,0.75,33.94,143.41,27.25,146.5,69.8,8.1,22
02-12-2019 18:15,0.77,34.81,146.89,25.82,146.5,69.8,8.49,21.82
02-12-2019 18:30,0.87,35.92,183.5,19.32,146.5,69.8,12.16,21.55
02-12-2019 18:45,0.66,32.68,120.9,30.03,146.1,71.8,8.06,22.38
02-12-2019 19:00,0.99,38.78,202.4,10.69,159.8,97.9,12.45,20.64
02-12-2019 19:15,1.06,38.65,210.47,8.45,159.8,97.9,12.34,20.5
02-12-2019 19:30,1.14,38.58,212.46,8.25,159.8,97.9,18.94,20.61
02-12-2019 19:45,0.94,37.5,196.1,12.95,156.9,91.7,14.69,21.1
02-12-2019 20:00,1.27,41.48,209.07,6.9,200.7,124.2,21.1,19.73
02-12-2019 20:15,1.18,42.86,205.08,6.84,200.7,124.2,16.79,19.43
02-12-2019 20:30,1.31,43.46,205.79,6.69,200.7,124.2,19.49,19.4
02-12-2019 20:45,1.18,40.6,209.15,8.13,191.1,118,19.86,20
02-12-2019 21:00,1.67,43.33,218.93,7.69,228.7,125.9,25.72,19.55
02-12-2019 21:15,1.66,43.44,225.5,7.5,228.7,125.9,19.6,19.56
02-12-2019 21:30,1.6,44.28,220.9,6.87,228.7,125.9,13.6,19.33
02-12-2019 21:45,1.41,44.66,208.03,7.36,222.4,125.5,23.27,19.14
02-12-2019 22:00,1.57,48.01,224.67,7.17,289.9,149.2,10.51,18.46
02-12-2019 22:15,1.42,50.86,223.73,7.48,289.9,149.2,9.59,17.87
02-12-2019 22:30,1.6,52.28,223.66,6.7,289.9,149.2,10.04,17.63
02-12-2019 22:45,1.46,45.01,217.12,6.39,275.6,143.8,11.21,19.09
02-12-2019 23:00,1.72,54.22,211.61,7.18,258.9,144.5,10.78,17.28
02-12-2019 23:15,1.85,54.82,209.67,7.2,258.9,144.5,11.06,17.21
02-12-2019 23:30,1.9,54.25,206.92,7.42,258.9,144.5,11.81,17.83
02-12-2019 23:45,1.71,53.12,224.59,7.12,265.8,145.6,11.99,17.48
2/13/2019 0:00,NaN,NaN,NaN,NaN,NaN,NaN,NaN,NaN
2/13/2019 0:15,1.87,58.77,202.17,6.29,297.3,183.8,9.84,16.94
2/13/2019 0:30,1.79,60.35,192.69,6.4,332.2,183.8,10.24,16.67
2/13/2019 0:45,1.61,59.79,190.13,6.4,346.5,194.1,10.4,16.66
2/13/2019 1:00,1.44,61.38,177.65,6.39,346.5,197.3,10.44,16.42
2/13/2019 1:15,1.33,62.92,181.05,7.24,346.5,197.3,10.27,16.21
2/13/2019 1:30,1.34,63.43,173.32,6.4,346.5,197.3,9.76,16.25
2/13/2019 1:45,1.22,63.54,169.79,5.52,376.2,195.8,10.89,16.32
2/13/2019 2:00,1.17,63.54,168.93,6.08,385.2,195.4,11.56,16.34
2/13/2019 2:15,1.16,64.41,164.72,6.25,385.2,195.4,12.38,16.16
2/13/2019 2:30,1.1,62.76,159.28,8.93,385.2,195.4,14.83,16.27
2/13/2019 2:45,1.22,63.54,169.79,5.52,376.2,195.8,10.89,16.32
2/13/2019 3:00,0.74,56.58,89.45,33.2,365.3,189.3,17.83,17.55
2/13/2019 3:15,0.75,56.8,80.62,32.5,365.3,189.3,16.07,17.46
2/13/2019 3:30,0.59,57.7,69.28,34.34,365.3,189.3,13.08,17.49
2/13/2019 3:45,0.79,57.56,116.12,25.79,369.9,190.7,19.48,17.33
2/13/2019 4:00,0.56,61.09,59.95,32.74,348.5,204,11.72,17.1
2/13/2019 4:15,0.64,62.32,59.93,30.87,348.5,204,10.87,16.9
2/13/2019 4:30,0.64,63.01,55.58,29.83,348.5,204,12.03,16.8
2/13/2019 4:45,0.55,59.78,60.35,34.05,352.4,200.6,11.5,17.3
2/13/2019 5:00,0.62,63.62,51.77,31.99,303.1,190.7,9.58,16.7
2/13/2019 5:15,0.62,63.87,51.42,31.99,303.1,190.7,8.65,16.65
2/13/2019 5:30,0.64,63.98,53.91,31.46,303.1,190.7,8.71,16.66
2/13/2019 5:45,0.62,63.33,53.68,30.38,313.7,193.8,10.54,16.76
2/13/2019 6:00,0.68,65.62,60.43,28.82,285.9,180.4,7.07,16.39
2/13/2019 6:15,0.69,67.77,67.09,25.96,285.9,180.4,6.46,16.01
2/13/2019 6:30,0.81,67.88,105.04,18.56,285.9,180.4,8.64,16.07
2/13/2019 6:45,0.64,64.59,55.26,30.83,289.9,182.8,8.04,16.57
2/13/2019 7:00,1.05,67.97,155.42,8.17,256,171.2,27.02,16.47
2/13/2019 7:15,1.06,67.41,149.47,8.86,256,171.2,28.36,16.73
2/13/2019 7:30,1.06,66.1,141.89,10.9,256,171.2,29.09,17.04
2/13/2019 7:45,1.03,68.08,154.2,8.21,263,173.3,17.42,16.24
2/13/2019 8:00,0.93,60.17,120.76,20.09,317.3,195.3,26.12,18.31
2/13/2019 8:15,0.87,58.05,108.54,25.02,317.3,195.3,25.42,18.86
2/13/2019 8:30,0.82,55.24,99.32,29.93,317.3,195.3,27.23,19.53
2/13/2019 8:45,0.99,63.64,132.25,15.68,303,189.7,27.24,17.53
2/13/2019 9:00,0.81,53.4,87.95,35.02,301.6,183.9,24.82,20.29
2/13/2019 9:15,0.81,51.29,87.4,35.17,301.6,183.9,22.93,21.1
2/13/2019 9:30,0.85,50.14,88.37,39.93,301.6,183.9,22.47,21.54
2/13/2019 9:45,0.83,55.12,87.19,34.13,305.2,186.5,25.08,19.8
2/13/2019 10:00,0.92,46.54,99.4,NaN,298.6,183.7,22.36,22.95
2/13/2019 0:15,1.87,58.77,202.17,6.29,297.3,183.8,9.84,16.94
2/13/2019 0:30,1.79,60.35,192.69,6.4,332.2,183.8,10.24,16.67
2/13/2019 0:45,1.61,59.79,190.13,6.4,346.5,194.1,10.4,16.66
2/13/2019 1:00,1.44,61.38,177.65,6.39,346.5,197.3,10.44,16.42
2/13/2019 1:15,1.33,62.92,181.05,7.24,346.5,197.3,10.27,16.21
2/13/2019 1:30,1.34,63.43,173.32,6.4,346.5,197.3,9.76,16.25
2/13/2019 1:45,1.22,63.54,169.79,5.52,376.2,195.8,10.89,16.32
2/13/2019 2:00,1.17,63.54,168.93,6.08,385.2,195.4,11.56,16.34
2/13/2019 2:15,1.16,64.41,164.72,6.25,385.2,195.4,12.38,16.16
2/13/2019 2:30,1.1,62.76,159.28,8.93,385.2,195.4,14.83,16.27
2/13/2019 2:45,1.22,63.54,169.79,5.52,376.2,195.8,10.89,16.32
2/13/2019 3:00,0.74,56.58,89.45,33.2,365.3,189.3,17.83,17.55
2/13/2019 3:15,0.75,56.8,80.62,32.5,365.3,189.3,16.07,17.46
2/13/2019 3:30,0.59,57.7,69.28,34.34,365.3,189.3,13.08,17.49
2/13/2019 3:45,0.79,57.56,116.12,25.79,369.9,190.7,19.48,17.33
2/13/2019 4:00,0.56,61.09,59.95,32.74,348.5,204,11.72,17.1
2/13/2019 4:15,0.64,62.32,59.93,30.87,348.5,204,10.87,16.9
2/13/2019 4:30,0.64,63.01,55.58,29.83,348.5,204,12.03,16.8
2/13/2019 4:45,0.55,59.78,60.35,34.05,352.4,200.6,11.5,17.3
2/13/2019 5:00,0.62,63.62,51.77,31.99,303.1,190.7,9.58,16.7
2/13/2019 5:15,0.62,63.87,51.42,31.99,303.1,190.7,8.65,16.65
2/13/2019 5:30,0.64,63.98,53.91,31.46,303.1,190.7,8.71,16.66
2/13/2019 5:45,0.62,63.33,53.68,30.38,313.7,193.8,10.54,16.76
2/13/2019 6:00,0.68,65.62,60.43,28.82,285.9,180.4,7.07,16.39
2/13/2019 6:15,0.69,67.77,67.09,25.96,285.9,180.4,6.46,16.01
2/13/2019 6:30,0.81,67.88,105.04,18.56,285.9,180.4,8.64,16.07
2/13/2019 6:45,0.64,64.59,55.26,30.83,289.9,182.8,8.04,16.57
2/13/2019 7:00,1.05,67.97,155.42,8.17,256,171.2,27.02,16.47
2/13/2019 7:15,1.06,67.41,149.47,8.86,256,171.2,28.36,16.73
2/13/2019 7:30,1.06,66.1,141.89,10.9,256,171.2,29.09,17.04
2/13/2019 7:45,1.03,68.08,154.2,8.21,263,173.3,17.42,16.24
2/13/2019 8:00,0.93,60.17,120.76,20.09,317.3,195.3,26.12,18.31
2/13/2019 8:15,0.87,58.05,108.54,25.02,317.3,195.3,25.42,18.86
2/13/2019 8:30,0.82,55.24,99.32,29.93,317.3,195.3,27.23,19.53
2/13/2019 8:45,0.99,63.64,132.25,15.68,303,189.7,27.24,17.53
2/13/2019 9:00,0.81,53.4,87.95,35.02,301.6,183.9,24.82,20.29
2/13/2019 9:15,0.81,51.29,87.4,35.17,301.6,183.9,22.93,21.1
2/13/2019 9:30,0.85,50.14,88.37,39.93,301.6,183.9,22.47,21.54
2/13/2019 9:45,0.83,55.12,87.19,34.13,305.2,186.5,25.08,19.8
2/13/2019 10:00,0.92,46.54,99.4,NaN,298.6,183.7,22.36,22.95
2/13/2019 10:15,0.88,45.98,97.23,NaN,NaN,NaN,NaN,23.25
2/13/2019 10:30,0.92,44.95,89.96,57.98,NaN,0,NaN,23.44
2/13/2019 10:45,0.88,49.24,90.74,41.75,299.3,183.8,21.72,22.02
2/13/2019 11:00,NaN,38.46,83.44,51.73,NaN,0,29.01,24.61
2/13/2019 11:15,NaN,32.66,63.3,50.82,NaN,0,18.35,25.23
2/13/2019 11:30,0.48,32.05,50.3,52.72,130.6,85.6,14.86,24.89
2/13/2019 11:45,0.96,42.53,93.87,51.21,NaN,0,NaN,23.97
2/13/2019 12:00,0.57,35.65,NaN,55.85,250.1,163.9,17.33,25.75
2/13/2019 12:15,0.52,34.53,NaN,55.35,250.1,163.9,13.21,25.92
2/13/2019 12:30,0.5,32.84,NaN,55.61,233.5,142,12.27,26.17
2/13/2019 12:45,0.54,35.87,NaN,54.72,250.1,163.9,18.37,25.09
2/13/2019 13:00,0.45,28.54,52.02,52.64,218.4,122,9.64,27.01
2/13/2019 13:15,0.49,29.45,55.37,54.24,218.4,122,10.3,27.24
2/13/2019 13:30,0.51,31.12,52.54,55.36,213.4,105.4,11.11,27.02
2/13/2019 13:45,0.46,29.02,NaN,53.63,218.4,122,10.39,26.73
2/13/2019 14:00,0.52,32.14,51.42,55.49,208.8,90.2,11.39,26.95
2/13/2019 14:15,0.49,30.92,45.07,54.04,208.8,90.2,12.26,27.12
2/13/2019 14:30,0.52,30.17,55.28,53.29,197.4,88,9.67,27.58
2/13/2019 14:45,0.53,31.51,53.25,56.37,208.8,90.2,11.33,27.13
2/13/2019 15:00,0.46,29.81,42.38,52.59,189.9,105.7,8.05,27.24
2/13/2019 15:15,0.46,28.82,46.26,51.12,189.9,105.7,7.87,27.3
2/13/2019 15:30,0.49,28.32,54.67,49.22,185.6,106.7,9.11,27.25
2/13/2019 15:45,0.56,29.87,53.16,53.27,189.9,105.7,8.93,27.45
2/13/2019 16:00,0.43,26.65,53.95,48.79,181.7,107.6,9.65,26.63
2/13/2019 16:15,0.48,25.57,66.81,46.47,181.7,107.6,8.92,26.47
2/13/2019 16:30,0.51,24.44,65.95,43,177.6,98.6,8.93,26.22
2/13/2019 16:45,0.47,27.52,70.17,47.42,181.7,107.6,9.73,26.85
2/13/2019 17:00,0.56,25.99,91.21,39.47,173.6,89.9,8.82,25.32
2/13/2019 17:15,0.64,27.44,112.29,33.32,173.6,89.9,7.96,24.65
2/13/2019 17:30,0.64,29.53,122.08,28.72,172.9,82.6,6.94,23.96
2/13/2019 17:45,0.79,25.11,75.06,40.26,173.6,89.9,9.51,25.84
2/13/2019 18:00,0.8,33,161.28,20.53,172.2,75.8,8.31,22.92
2/13/2019 18:15,0.94,35.26,188.9,13.1,172.2,75.8,8.99,22.29
2/13/2019 18:30,1.19,36.82,223.45,8.65,179,94.3,10.9,21.89
2/13/2019 18:45,0.73,30.88,141.11,25.06,172.2,75.8,7.31,23.47
2/13/2019 19:00,1.73,40.97,222.5,7.91,185.2,111.2,12.89,21.11
2/13/2019 19:15,2.01,41.92,232.05,8.01,185.2,111.2,14.56,20.67
2/13/2019 19:30,1.99,42.51,211.63,7.72,219.6,140.9,13.65,20.64
2/13/2019 19:45,1.55,37.95,227.78,7.95,185.2,111.2,12.59,21.78
2/13/2019 20:00,1.85,45.64,221.98,7.26,251.2,168.1,12.8,20.39
2/13/2019 20:15,1.59,47.35,218.62,6.88,251.2,168.1,11.97,20.01
2/13/2019 20:30,1.99,48.32,230.85,6.77,272.7,175.6,15.39,19.73
2/13/2019 20:45,1.91,43.69,224.99,7.54,251.2,168.1,12.91,20.61
2/13/2019 21:00,1.99,48.63,215.61,8.17,292.5,182.5,17.17,19.72
2/13/2019 21:15,1.84,50.37,213.82,8.05,292.5,182.5,16.85,19.41
2/13/2019 21:30,1.97,52.16,203.37,7.68,313.5,189.5,14.32,19.1
2/13/2019 21:45,2.1,48.52,222.97,7.53,292.5,182.5,17.3,19.71
2/13/2019 22:00,2.7,55.74,203.44,9.05,332.8,195.9,14.81,18.39
2/13/2019 22:15,3.11,NaN,NaN,9.17,332.8,195.9,20.05,NaN
2/13/2019 22:30,4.67,56.17,259.96,8.31,371.1,208.9,22.14,18.6
2/13/2019 22:45,2.23,54.53,196.02,8.39,332.8,195.9,12.97,18.65
2/13/2019 23:00,4.44,57.47,256.1,7.74,406.2,220.9,22.31,18.17
2/13/2019 23:15,4.18,58.93,247.91,8.15,406.2,220.9,20.35,18.13
2/13/2019 23:30,3.78,58.5,263.26,7.16,759.3,354.2,27.33,18.22
2/13/2019 23:45,4.66,55.2,271.82,8.13,406.2,220.9,23.43,18.63
2/14/2019 0:00,NaN,NaN,NaN,NaN,NaN,NaN,NaN,NaN
2/14/2019 0:15,3.79,63.45,264.8,8.23,860.2,476.2,27.6,17.68
2/14/2019 0:30,4.03,64.95,254.59,8.47,875.5,460.6,28.26,17.43
2/14/2019 0:45,3.89,64.57,225.02,8.29,889.5,446.3,24.78,17.61
2/14/2019 1:00,3.76,64.17,206.07,8.29,889.5,446.3,25.97,17.66
2/14/2019 1:15,3.46,64.5,193.77,8.46,889.5,446.3,29.3,17.38
2/14/2019 1:30,3.44,65.34,201.56,8.38,865.9,442.1,28.43,17.28
2/14/2019 1:45,3.51,67.72,190.98,8.09,844.3,438.3,23.71,17.05
2/14/2019 2:00,3.36,69.02,183.05,8.32,844.3,438.3,20.43,16.88
2/14/2019 2:15,3.01,72.05,171.2,6.81,795.2,438.3,18.96,16.79
2/14/2019 2:30,3.07,72.9,180.35,6.88,722.9,404.6,17.12,16.94
2/14/2019 2:45,3.51,67.72,190.98,8.09,844.3,438.3,23.71,17.05
2/14/2019 3:00,2.2,65.58,175.3,6.13,722.9,372.4,24.36,17.34
2/14/2019 3:15,1.92,62.81,186.89,6.87,722.9,372.4,33.85,17.33
2/14/2019 3:30,1.74,63.22,185.38,6.43,786.3,403.3,38.88,17.14
2/14/2019 3:45,2.85,71.9,179.83,6.71,722.9,372.4,16.47,17.09
2/14/2019 4:00,1.05,57.1,214.25,6.43,844.3,432.9,55.28,17.32
2/14/2019 4:15,1.1,57.06,215.71,7.44,844.3,432.9,48.93,17.16
2/14/2019 4:30,1.01,57.75,215.57,7.77,601,357.4,39.86,17.04
2/14/2019 4:45,1.41,59.22,201.68,6.85,844.3,432.9,47.53,17.31
2/14/2019 5:00,0.86,58.98,196.73,8.47,378.3,288.4,23.92,16.94
2/14/2019 5:15,0.78,58.93,191.92,8.8,378.3,288.4,21.77,16.96
2/14/2019 5:30,0.74,58.83,202.88,8.82,332.2,232,19.78,16.88
2/14/2019 5:45,0.95,58.56,208.38,7.95,378.3,288.4,29.98,17.01
2/14/2019 6:00,0.77,59.59,196.87,7.16,288,180.4,21.46,16.89
2/14/2019 6:15,0.63,58.26,188,11.2,288,180.4,25.6,16.93
2/14/2019 6:30,0.68,58.54,188.26,12.61,264.1,177.8,24.88,16.96
2/14/2019 6:45,0.8,59.47,201.59,7.51,288,180.4,19.3,16.93
2/14/2019 7:00,0.82,59.16,202.97,8.42,242.2,175.5,22.78,17.22
2/14/2019 7:15,0.88,58.66,204.15,8.98,242.2,175.5,25.21,17.74
2/14/2019 7:30,0.96,58.49,193.98,9.53,277.9,205.1,26.5,18.18
2/14/2019 7:45,0.74,59.32,200.97,10.16,242.2,175.5,23.84,16.98
2/14/2019 8:00,0.98,55.41,156.32,19.22,310.6,232.2,29.88,19.55
2/14/2019 8:15,0.91,53.9,137.18,28.05,310.6,232.2,24.19,20.09
2/14/2019 8:30,0.76,52.53,99.82,38.68,308.6,210.7,25.02,20.53
2/14/2019 8:45,1.03,57.43,185.25,11.66,310.6,232.2,28.75,18.73
2/14/2019 9:00,0.61,49.22,75.27,44.7,306.8,191.1,42,21.51
2/14/2019 9:15,0.6,47.78,68.85,44.28,306.8,191.1,22.81,22.09
2/14/2019 9:30,0.64,45.46,75.92,41.84,303.3,182.6,25.94,23.18
2/14/2019 9:45,0.7,50.84,86.33,39.09,306.8,191.1,30.89,21.2
2/14/2019 10:00,0.59,42.54,74.06,47.07,300,174.9,31.41,23.98
2/14/2019 10:15,0.57,41.85,68.83,51.51,300,174.9,24.81,24.3
2/14/2019 10:30,0.72,41.02,70.7,52.71,280.5,170.2,24.62,24.81
